<?xml version="1.0" encoding="UTF-8"?>
<mappings xmlns="http://dozer.sourceforge.net" xmlns:xsi="http://www.w3.org/2001/XMLSchema-instance" xsi:schemaLocation="http://dozer.sourceforge.net           http://dozer.sourceforge.net/schema/beanmapping.xsd">
   <mapping wildcard="false" map-id="BULK_BILLPAY" type="one-way">
      <class-a>java.util.Map</class-a>
      <class-b>java.util.Map</class-b>
      <field>
         <a key="SC_ServiceChargeId">this</a>
         <b key="randomId">this</b>
      </field>
      <field>
         <a key="Sender MFS Provider">this</a>
         <b key="sendermfsprovider">this</b>
      </field>
      <field>
         <a key="Is Inclusive">this</a>
         <b key="isinclusive">this</b>
      </field>
      <field>
         <a key="Is Tax Inclusive">this</a>
         <b key="istaxinclusive">this</b>
      </field>
      <field>
         <a key="Sender Wallet Type/ Linked Bank">this</a>
         <b key="senderwalletorbank">this</b>
      </field>
      <field>
         <a key="Sender Grade">this</a>
         <b key="sendergrade">this</b>
      </field>
      <field>
         <a key="Receiver Grade">this</a>
         <b key="receivergrade">this</b>
      </field>
      <field>
         <a key="Service">this</a>
         <b key="service">this</b>
      </field>
      <field>
         <a key="Paying Entity - Sender name">this</a>
         <b key="payingentity">this</b>
      </field>
      <field>
         <a key="Credited Entity - Receiver name">this</a>
         <b key="creditedentity">this</b>
      </field>
      <field>
         <a key="min Fixed Service charge">this</a>
         <b key="minfixedservicecharge">this</b>
      </field>
      <field>
         <a key="max Fixed Service Charge">this</a>
         <b key="maxfixedservicecharge">this</b>
      </field>
      <field>
         <a key="Telescopic Pricing On Service Charge">this</a>
         <b key="telescopicpricingonsc">this</b>
      </field>
      <field>
         <a key="SC From Range slab-0">this</a>
         <b key="SCfromrangeslab0">this</b>
      </field>
      <field>
         <a key="SC To Range slab-0">this</a>
         <b key="SCtorangeslab0">this</b>
      </field>
      <field>
         <a key="Service Charge slab-0(%)">this</a>
         <b key="servicechargeslab0per">this</b>
      </field>
      <field>
         <a key="Service Charge slab-0(fixed)">this</a>
         <b key="servicechargeslab0fixed">this</b>
      </field>
      <field>
         <a key="SC From Range slab-1">this</a>
         <b key="SCfromrangeslab1">this</b>
      </field>
      <field>
         <a key="SC To Range slab-1">this</a>
         <b key="SCtorangeslab1">this</b>
      </field>
      <field>
         <a key="Service Charge slab-1(%)">this</a>
         <b key="servicechargeslab1per">this</b>
      </field>
      <field>
         <a key="Service Charge slab-1(fixed)">this</a>
         <b key="servicechargeslab1fixed">this</b>
      </field>
      <field>
         <a key="SC From Range slab-2">this</a>
         <b key="SCfromrangeslab2">this</b>
      </field>
      <field>
         <a key="SC To Range slab-2">this</a>
         <b key="SCtorangeslab2">this</b>
      </field>
      <field>
         <a key="Service Charge slab-2(%)">this</a>
         <b key="servicechargeslab2per">this</b>
      </field>
      <field>
         <a key="Service Charge slab-2(fixed)">this</a>
         <b key="servicechargeslab2fixed">this</b>
      </field>
      <field>
         <a key="SC From Range slab-3">this</a>
         <b key="SCfromrangeslab3">this</b>
      </field>
      <field>
         <a key="SC To Range slab-3">this</a>
         <b key="SCtorangeslab3">this</b>
      </field>
      <field>
         <a key="Service Charge slab-3(%)">this</a>
         <b key="servicechargeslab3per">this</b>
      </field>
      <field>
         <a key="Service Charge slab-3(fixed)">this</a>
         <b key="servicechargeslab3fixed">this</b>
      </field>
      <field>
         <a key="SC From Range slab-4">this</a>
         <b key="SCfromrangeslab4">this</b>
      </field>
      <field>
         <a key="SC To Range slab-4">this</a>
         <b key="SCtorangeslab4">this</b>
      </field>
      <field>
         <a key="Service Charge slab-4(%)">this</a>
         <b key="servicechargeslab4per">this</b>
      </field>
      <field>
         <a key="Service Charge slab-4(fixed)">this</a>
         <b key="servicechargeslab4fixed">this</b>
      </field>
      <field>
         <a key="SC From Range slab-5">this</a>
         <b key="SCfromrangeslab5">this</b>
      </field>
      <field>
         <a key="SC To Range slab-5">this</a>
         <b key="SCtorangeslab5">this</b>
      </field>
      <field>
         <a key="Service Charge slab-5(%)">this</a>
         <b key="servicechargeslab5per">this</b>
      </field>
      <field>
         <a key="Service Charge slab-5(fixed)">this</a>
         <b key="servicechargeslab5fixed">this</b>
      </field>
      <field>
         <a key="SC From Range slab-6">this</a>
         <b key="SCfromrangeslab6">this</b>
      </field>
      <field>
         <a key="SC To Range slab-6">this</a>
         <b key="SCtorangeslab6">this</b>
      </field>
      <field>
         <a key="Service Charge slab-6(%)">this</a>
         <b key="servicechargeslab6per">this</b>
      </field>
      <field>
         <a key="Service Charge slab-6(fixed)">this</a>
         <b key="servicechargeslab6fixed">this</b>
      </field>
      <field>
         <a key="SC From Range slab-7">this</a>
         <b key="SCfromrangeslab7">this</b>
      </field>
      <field>
         <a key="SC To Range slab-7">this</a>
         <b key="SCtorangeslab7">this</b>
      </field>
      <field>
         <a key="Service Charge slab-7(%)">this</a>
         <b key="servicechargeslab7per">this</b>
      </field>
      <field>
         <a key="Service Charge slab-7(fixed)">this</a>
         <b key="servicechargeslab7fixed">this</b>
      </field>
      <field>
         <a key="SC From Range slab-8">this</a>
         <b key="SCfromrangeslab8">this</b>
      </field>
      <field>
         <a key="SC To Range slab-8">this</a>
         <b key="SCtorangeslab8">this</b>
      </field>
      <field>
         <a key="Service Charge slab-8(%)">this</a>
         <b key="servicechargeslab8per">this</b>
      </field>
      <field>
         <a key="Service Charge slab-8(fixed)">this</a>
         <b key="servicechargeslab8fixed">this</b>
      </field>
      <field>
         <a key="SC From Range slab-9">this</a>
         <b key="SCfromrangeslab9">this</b>
      </field>
      <field>
         <a key="SC To Range slab-9">this</a>
         <b key="SCtorangeslab9">this</b>
      </field>
      <field>
         <a key="Service Charge slab-9(%)">this</a>
         <b key="servicechargeslab9per">this</b>
      </field>
      <field>
         <a key="Service Charge slab-9(fixed)">this</a>
         <b key="servicechargeslab9fixed">this</b>
      </field>
      <field>
         <a key="SC From Range slab-10">this</a>
         <b key="SCfromrangeslab10">this</b>
      </field>
      <field>
         <a key="SC To Range slab-10">this</a>
         <b key="SCtorangeslab10">this</b>
      </field>
      <field>
         <a key="Service Charge slab-10(%)">this</a>
         <b key="servicechargeslab10per">this</b>
      </field>
      <field>
         <a key="Service Charge slab-10(fixed)">this</a>
         <b key="servicechargeslab10fixed">this</b>
      </field>
      <field>
         <a key="SC From Range slab-11">this</a>
         <b key="SCfromrangeslab11">this</b>
      </field>
      <field>
         <a key="SC To Range slab-11">this</a>
         <b key="SCtorangeslab11">this</b>
      </field>
      <field>
         <a key="Service Charge slab-11(%)">this</a>
         <b key="servicechargeslab11per">this</b>
      </field>
      <field>
         <a key="Service Charge slab-11(fixed)">this</a>
         <b key="servicechargeslab11fixed">this</b>
      </field>
      <field>
         <a key="SC From Range slab-12">this</a>
         <b key="SCfromrangeslab12">this</b>
      </field>
      <field>
         <a key="SC To Range slab-12">this</a>
         <b key="SCtorangeslab12">this</b>
      </field>
      <field>
         <a key="Service Charge slab-12(%)">this</a>
         <b key="servicechargeslab12per">this</b>
      </field>
      <field>
         <a key="Service Charge slab-12(fixed)">this</a>
         <b key="servicechargeslab12fixed">this</b>
      </field>
      <field>
         <a key="SC From Range slab-13">this</a>
         <b key="SCfromrangeslab13">this</b>
      </field>
      <field>
         <a key="SC To Range slab-13">this</a>
         <b key="SCtorangeslab13">this</b>
      </field>
      <field>
         <a key="Service Charge slab-13(%)">this</a>
         <b key="servicechargeslab13per">this</b>
      </field>
      <field>
         <a key="Service Charge slab-13(fixed)">this</a>
         <b key="servicechargeslab13fixed">this</b>
      </field>
      <field>
         <a key="SC From Range slab-14">this</a>
         <b key="SCfromrangeslab14">this</b>
      </field>
      <field>
         <a key="SC To Range slab-14">this</a>
         <b key="SCtorangeslab14">this</b>
      </field>
      <field>
         <a key="Service Charge slab-14(%)">this</a>
         <b key="servicechargeslab14per">this</b>
      </field>
      <field>
         <a key="Service Charge slab-14(fixed)">this</a>
         <b key="servicechargeslab14fixed">this</b>
      </field>
      <field>
         <a key="SC From Range slab-15">this</a>
         <b key="SCfromrangeslab15">this</b>
      </field>
      <field>
         <a key="SC To Range slab-15">this</a>
         <b key="SCtorangeslab15">this</b>
      </field>
      <field>
         <a key="Service Charge slab-15(%)">this</a>
         <b key="servicechargeslab15per">this</b>
      </field>
      <field>
         <a key="Service Charge slab-15(fixed)">this</a>
         <b key="servicechargeslab15fixed">this</b>
      </field>
      <field>
         <a key="SC From Range slab-16">this</a>
         <b key="SCfromrangeslab16">this</b>
      </field>
      <field>
         <a key="SC To Range slab-16">this</a>
         <b key="SCtorangeslab16">this</b>
      </field>
      <field>
         <a key="Service Charge slab-16(%)">this</a>
         <b key="servicechargeslab16per">this</b>
      </field>
      <field>
         <a key="Service Charge slab-16(fixed)">this</a>
         <b key="servicechargeslab16fixed">this</b>
      </field>
      <field>
         <a key="SC From Range slab-17">this</a>
         <b key="SCfromrangeslab17">this</b>
      </field>
      <field>
         <a key="SC To Range slab-17">this</a>
         <b key="SCtorangeslab17">this</b>
      </field>
      <field>
         <a key="Service Charge slab-17(%)">this</a>
         <b key="servicechargeslab17per">this</b>
      </field>
      <field>
         <a key="Service Charge slab-17(fixed)">this</a>
         <b key="servicechargeslab17fixed">this</b>
      </field>
      <field>
         <a key="SC From Range slab-18">this</a>
         <b key="SCfromrangeslab18">this</b>
      </field>
      <field>
         <a key="SC To Range slab-18">this</a>
         <b key="SCtorangeslab18">this</b>
      </field>
      <field>
         <a key="Service Charge slab-18(%)">this</a>
         <b key="servicechargeslab18per">this</b>
      </field>
      <field>
         <a key="Service Charge slab-18(fixed)">this</a>
         <b key="servicechargeslab18fixed">this</b>
      </field>
      <field>
         <a key="SC From Range slab-19">this</a>
         <b key="SCfromrangeslab19">this</b>
      </field>
      <field>
         <a key="SC To Range slab-19">this</a>
         <b key="SCtorangeslab19">this</b>
      </field>
      <field>
         <a key="Service Charge slab-19(%)">this</a>
         <b key="servicechargeslab19per">this</b>
      </field>
      <field>
         <a key="Service Charge slab-19(fixed)">this</a>
         <b key="servicechargeslab19fixed">this</b>
      </field>
      <field>
         <a key="SC From Range slab-20">this</a>
         <b key="SCfromrangeslab20">this</b>
      </field>
      <field>
         <a key="SC To Range slab-20">this</a>
         <b key="SCtorangeslab20">this</b>
      </field>
      <field>
         <a key="Service Charge slab-20(%)">this</a>
         <b key="servicechargeslab20per">this</b>
      </field>
      <field>
         <a key="Service Charge slab-20(fixed)">this</a>
         <b key="servicechargeslab20fixed">this</b>
      </field>
      <field>
         <a key="SC From Range slab-21">this</a>
         <b key="SCfromrangeslab21">this</b>
      </field>
      <field>
         <a key="SC To Range slab-21">this</a>
         <b key="SCtorangeslab21">this</b>
      </field>
      <field>
         <a key="Service Charge slab-21(%)">this</a>
         <b key="servicechargeslab21per">this</b>
      </field>
      <field>
         <a key="Service Charge slab-21(fixed)">this</a>
         <b key="servicechargeslab21fixed">this</b>
      </field>
      <field>
         <a key="SC From Range slab-22">this</a>
         <b key="SCfromrangeslab22">this</b>
      </field>
      <field>
         <a key="SC To Range slab-22">this</a>
         <b key="SCtorangeslab22">this</b>
      </field>
      <field>
         <a key="Service Charge slab-22(%)">this</a>
         <b key="servicechargeslab22per">this</b>
      </field>
      <field>
         <a key="Service Charge slab-22(fixed)">this</a>
         <b key="servicechargeslab22fixed">this</b>
      </field>
      <field>
         <a key="SC From Range slab-23">this</a>
         <b key="SCfromrangeslab23">this</b>
      </field>
      <field>
         <a key="SC To Range slab-23">this</a>
         <b key="SCtorangeslab23">this</b>
      </field>
      <field>
         <a key="Service Charge slab-23(%)">this</a>
         <b key="servicechargeslab23per">this</b>
      </field>
      <field>
         <a key="Service Charge slab-23(fixed)">this</a>
         <b key="servicechargeslab23fixed">this</b>
      </field>
      <field>
         <a key="SC From Range slab-24">this</a>
         <b key="SCfromrangeslab24">this</b>
      </field>
      <field>
         <a key="SC To Range slab-24">this</a>
         <b key="SCtorangeslab24">this</b>
      </field>
      <field>
         <a key="Service Charge slab-24(%)">this</a>
         <b key="servicechargeslab24per">this</b>
      </field>
      <field>
         <a key="Service Charge slab-24(fixed)">this</a>
         <b key="servicechargeslab24fixed">this</b>
      </field>
      <field>
         <a key="SC From Range slab-25">this</a>
         <b key="SCfromrangeslab25">this</b>
      </field>
      <field>
         <a key="SC To Range slab-25">this</a>
         <b key="SCtorangeslab25">this</b>
      </field>
      <field>
         <a key="Service Charge slab-25(%)">this</a>
         <b key="servicechargeslab25per">this</b>
      </field>
      <field>
         <a key="Service Charge slab-25(fixed)">this</a>
         <b key="servicechargeslab25fixed">this</b>
      </field>
      <field>
         <a key="SC From Range slab-26">this</a>
         <b key="SCfromrangeslab26">this</b>
      </field>
      <field>
         <a key="SC To Range slab-26">this</a>
         <b key="SCtorangeslab26">this</b>
      </field>
      <field>
         <a key="Service Charge slab-26(%)">this</a>
         <b key="servicechargeslab26per">this</b>
      </field>
      <field>
         <a key="Service Charge slab-26(fixed)">this</a>
         <b key="servicechargeslab26fixed">this</b>
      </field>
      <field>
         <a key="SC From Range slab-27">this</a>
         <b key="SCfromrangeslab27">this</b>
      </field>
      <field>
         <a key="SC To Range slab-27">this</a>
         <b key="SCtorangeslab27">this</b>
      </field>
      <field>
         <a key="Service Charge slab-27(%)">this</a>
         <b key="servicechargeslab27per">this</b>
      </field>
      <field>
         <a key="Service Charge slab-27(fixed)">this</a>
         <b key="servicechargeslab27fixed">this</b>
      </field>
      <field>
         <a key="SC From Range slab-28">this</a>
         <b key="SCfromrangeslab28">this</b>
      </field>
      <field>
         <a key="SC To Range slab-28">this</a>
         <b key="SCtorangeslab28">this</b>
      </field>
      <field>
         <a key="Service Charge slab-28(%)">this</a>
         <b key="servicechargeslab28per">this</b>
      </field>
      <field>
         <a key="Service Charge slab-28(fixed)">this</a>
         <b key="servicechargeslab28fixed">this</b>
      </field>
      <field>
         <a key="SC From Range slab-29">this</a>
         <b key="SCfromrangeslab29">this</b>
      </field>
      <field>
         <a key="SC To Range slab-29">this</a>
         <b key="SCtorangeslab29">this</b>
      </field>
      <field>
         <a key="Service Charge slab-29(%)">this</a>
         <b key="servicechargeslab29per">this</b>
      </field>
      <field>
         <a key="Service Charge slab-29(fixed)">this</a>
         <b key="servicechargeslab29fixed">this</b>
      </field>
      <field>
         <a key="Tax SC From Range slab-1">this</a>
         <b key="taxSCfromrangeslab1">this</b>
      </field>
      <field>
         <a key="Tax SC To Range slab-1">this</a>
         <b key="taxSCtorangeslab1">this</b>
      </field>
      <field>
         <a key="Tax Service Charge(%)-1">this</a>
         <b key="taxSCslab1per">this</b>
      </field>
      <field>
         <a key="Tax Service Charge(fixed)-1">this</a>
         <b key="taxSCslab1fixed">this</b>
      </field>
      <field>
         <a key="Tax SC From Range slab-2">this</a>
         <b key="taxSCfromrangeslab2">this</b>
      </field>
      <field>
         <a key="Tax SC To Range slab-2">this</a>
         <b key="taxSCtorangeslab2">this</b>
      </field>
      <field>
         <a key="Tax Service Charge(%)-2">this</a>
         <b key="taxSCslab2per">this</b>
      </field>
      <field>
         <a key="Tax Service Charge(fixed)-2">this</a>
         <b key="taxSCslab2fixed">this</b>
      </field>
      <field>
         <a key="Id">this</a>
         <b key="id">this</b>
      </field>
      <field>
         <a key="Version">this</a>
         <b key="version">this</b>
      </field>
      <field>
         <a key="Status">this</a>
         <b key="status">this</b>
      </field>
      <field>
         <a key="Created On">this</a>
         <b key="createdon">this</b>
      </field>
      <field>
         <a key="Modified On">this</a>
         <b key="modifiedon">this</b>
      </field>
      <field>
         <a key="Created By">this</a>
         <b key="createdby">this</b>
      </field>
      <field>
         <a key="Modified By">this</a>
         <b key="modifiedby">this</b>
      </field>
      <field>
         <a key="Service Charge Name">this</a>
         <b key="scname">this</b>
      </field>
      <field>
         <a key="Charge Payer">this</a>
         <b key="chargepayer">this</b>
      </field>
      <field>
         <a key="Tax Name">this</a>
         <b key="taxname">this</b>
      </field>
      <field>
         <a key="Is Financial">this</a>
         <b key="isfinancial">this</b>
      </field>
   </mapping>
</mappings>