<?xml version="1.0" encoding="UTF-8"?>
<configuration>

	<property name="LOG_LOCATION" value="." />

	<appender name="rollingFileAppender"
		class="ch.qos.logback.core.rolling.RollingFileAppender">
		<file>${LOG_LOCATION}/consumer.log</file>
		<encoder class="ch.qos.logback.classic.encoder.PatternLayoutEncoder">
			<Pattern>
				%d{dd-MM-yyyy HH:mm:ss.SSS} %magenta([%thread]) %highlight(%-5level) %logger{36}.%M - %msg%n
			</Pattern>
		</encoder>
		
		<rollingPolicy class="ch.qos.logback.core.rolling.FixedWindowRollingPolicy">
			<fileNamePattern>${LOG_LOCATION}/archived/consumer.%i.log.zip</fileNamePattern>
			<minIndex>1</minIndex>
			<maxIndex>20</maxIndex>
		</rollingPolicy>
		
		<triggeringPolicy class="ch.qos.logback.core.rolling.SizeBasedTriggeringPolicy">
	    	<maxFileSize>50MB</maxFileSize>
	    </triggeringPolicy>

		

	</appender>

	<root level="info">
		<appender-ref ref="rollingFileAppender" />
	</root>

</configuration>